Model,Accuracy,Precision,Recall,F1-score,ROC-AUC,PR-AUC
Random Forest,0.971,0.5555555555555556,0.7352941176470589,0.6329113924050633,0.9637452807209841,0.6240410250751885
Decision Tree,0.93,0.3125,0.8823529411764706,0.46153846153846156,0.908263305322129,0.5179398148713132
Logistic Regression,0.8245,0.14177215189873418,0.8235294117647058,0.24190064794816415,0.9069540859822189,0.38176196610560775
Dummy Classifier,0.966,0.0,0.0,0.0,0.5,0.034
