Model,Accuracy,Precision,Recall,F1-score,ROC-AUC,PR-AUC
Random Forest - Default Threshold 0.50,0.971,0.5555555555555556,0.7352941176470589,0.6329113924050633,0.9637452807209841,0.6240410250751885
Random Forest - Tuned Threshold 0.45,0.967,0.5098039215686274,0.7647058823529411,0.611764705882353,0.9637452807209841,0.6240410250751885
